# Phonetic series according to 上古音系 (Old Chinese Phonology), by 鄭張尚芳 (Shangfang Zhengzhang), 2003.
# Downloaded from https://en.wiktionary.org/wiki/Wiktionary:About_Chinese/phonetic_series and /phonetic_series_2
component,IPA,members
𦚢,(*qʷal),𦚢𩨭
𢦏,(*ʔslɯː),𢦏栽哉烖載渽睵溨裁酨蛓胾
𥁕,(*quːn),媪蝹溫𥁕輼蕰殟豱緼韞瘟揾氲煴馧蒀藴褞醖慍蘊腽榅嗢
𧶠,(*luɡ),竇續覿黷讟殰讀櫝牘儥贕皾瓄瀆豄韇嬻犢匵藚襩贖𧶠
䜌,(*b·roːn),蠻矕變鸞巒灤欒鑾臠羉䜌灓圝曫孿彎灣攣孌戀㪻
一,(*qliɡ),一弌
丁,(*rteːŋ),圢町打盯朾丁玎虰揨釘靪仃叮疔頂奵耵酊葶矴訂飣汀艼庁婷停聤渟楟亭
丂,(*kʰluːʔ),丂攷考烤拷栲洘銬巧朽
七,(*sn̥ʰid),切砌沏七柒叱
丈,(*daŋʔ),丈杖仗
三,(*suːm),三弎
上,(*djaŋʔ),丄上
下,(*ɡraːʔ),丅下芐
不,(*pɯ),肧俖娝痞丕伾秠駓怌豾髬魾鉟嚭邳岯否抔不紑鴀衃罘芣杯盃桮坯胚
丏,(*meːnʔ),汅沔丏眄麪
丐,(*kaːds),丐匄
丑,(*n̥ʰuʔ),峱紐扭狃鈕忸杻莥羞丑沑粈衄
且,(*sʰjaːʔ),虘蔖摣袓怚罝謯姐抯飷且趄笡查柤樝皻渣楂苴駔租蒩祖組珇靻粗徂殂麆伹蛆沮咀疽雎狙岨砠坥刞覰覷跙筯菹葅阻俎詛鉏豠鋤耡齟助
世,(*hljebs),貰跇迣世泄枻詍靾袣抴呭勩屜鰈渫煠喋鞢殜葉弽韘枼楪揲鍱偞蝶牒蹀諜堞牃褋惵碟屧屟紲齛疶緤媟
丘,(*kʰʷɯ),丘邱蚯丠
丙,(*pqraŋʔ),更粳埂浭稉梗哽綆鯁挭骾郠硬鞕丙炳邴怲苪蛃昺昞窉柄鈵寎病
丞,(*ɡljɯŋ),蒸烝篜脀拯氶承丞巹
並,(*beːŋʔ),湴跰並竝
丩,(*kɯw),艽芁荍叫訆嘂收糾朻丩赳虬虯觓
中,(*tuŋ),中忠衷忡浺盅种沖翀仲
丮,(*kraɡ),丮谻
丯,(*kreːds),夆丯瘛觢契栔禊稧楔葜猰窫揳偰潔絜鍥挈蛪齧褉喫
丰,(*pʰoŋ),邦梆垹肨蚌玤棒蜯琫菶俸髼蜂韸蓬篷唪埲丰妦仹峯峰鋒烽蠭桻莑夆捧逢縫漨捀奉
丵,(*zroːwɢ),鑿糳
丸,(*ɡʷaːn),骫丸紈芄汍肒
丹,(*taːn),丹旃栴
主,(*tjoʔ),飳妵黈蘣罜拄柱駐註鉒軴住跓嵀主麈宔炷注疰蛀霔
丽,(*reːls),灑籭躧曬廲驪鱺欐丽麗儷鸝酈孋矖穲邐彲釃襹纚
乂,(*ŋads),艾鴱餀刈乂
乃,(*nɯːʔ),乃鼐疓奶仍艿辸礽扔芿
久,(*kʷlɯʔ),畂久灸玖疚柩羑
乇,(*ʔr'aːɡ),咤吒灹矺奼侘詫秅秺亳托託魠馲侂飥仛虴杔乇宅厇
之,(*tjɯ),之芝志痣娡誌蚩妛嗤媸旹滍
乍,(*zraːɡs),作鲊痄厏詐咋笮榨炸乍拃酢祚胙阼飵秨迮柞昨怍砟莋岝鈼筰葃舴窄蚱齚泎
乎,(*ɢaː),罅呼軤苸嘑歑謼滹乎虖嫭
乏,(*bob),砭貶窆泛姂䒦柉覂眨鴔乏
乘,(*ɦljɯŋ),乘溗塖騬椉剩嵊
乙,(*qriɡ),劜札扎蚻紮軋圠穵挖鳦耴乙肊
九,(*kuʔ),尻訄艽虓鳩勼九究仇鼽犰叴厹頄朹馗扏訅釚肍軌宄氿匭泦旭
乞,(*kʰɯds),乞盵齕紇籺圪訖吃扢疙屹仡迄釳忔汔矻麧
也,(*laːlʔ),他拖駞池灺鍦虵也忚髢杝肔馳阤施絁葹弛箷衪暆迆酏匜迤扡崺貤地
乳,(*njoʔ),啂乳
亂,(*roːns),覼亂薍
了,(*reːwʔ),釕了
予,(*la),野壄序抒芧杼墅舒紓妤伃予預忬豫蕷澦
二,(*njis),膩二弍貳樲
于,(*ɢʷa),侉夸姱胯跨誇垮銙骻咵釫摦鮬嶀扝刳郀挎袴絝褲恗洿瓠鄠污杇圬鴮盓汙樗摴荂雩吁盱訏扜旴冔紆陓迂虶于盂竽邘玗芋杅釪骬謣宇
云,(*ɢun),魂沄忶囩夽雲芸耘妘紜云耺蕓澐橒抎
互,(*ɡaːs),魱互冱枑
五,(*ŋaːʔ),吾衙鼯浯珸郚齬鯃娪梧峿五伍寤啎晤悟逜窹捂鋙語圄敔
井,(*skeŋʔ),硎耕荊井丼妌穽阱汫刑形邢鉶型侀
亘,,烜貆峘狟絙荁宣咺暅桓洹揎愃瑄渲喧萱暄諠翧蝖垣楦
亙,(*kɯːŋs),搄縆絙亙堩恆峘
亞,(*qraːɡs),椏錏鵶啞瘂亞婭俹稏惡噁堊蝁
亡,(*maŋ),忙芒茫恾吂汒朚邙杗荒肓衁巟詤慌謊喪亡望莣朢鋩硭忘网罔蛧網輞棢惘菵誷魍妄盲蝱虻氓甿
亢,(*kaːŋ),笐亢牨苀魧迒邟忼骯抗炕伉閌犺蚢砊阬頏航杭沆肮吭秔坑劥
交,(*kreːw),烄礮交郊茭蛟鮫鵁咬鉸佼詨絞狡姣筊校珓跤頝骹齩洨胶效効傚皎恔晈窔駮
亥,(*ɡɯːʔ),該垓賅陔豥荄郂姟絯晐峐侅胲頦奒輆欬硋閡咳孩亥劾痎烗骸駭刻餩核
亦,(*laːɡ),夜鵺迹跡亦弈奕帟腋掖焲液
亨,(*qʰaŋʔ),亨享烹脝悙哼
京,(*kraŋ),涼凉椋綡輬諒掠弶京麖鶁景鯨黥勍剠倞影璟憬暻澋
人,(*njin),千仟芊阡汘迁杄人仁朲佞
仄,(*ʔsrɯɡ),仄昃
今,(*krɯm),貪嗿僋酓馠谽唅含肣頷筨梒鋡莟琀浛盦韽玪妗欦黔鈐鳹雂念梣枔岑笒涔侺今黅衿衾坅搇琴禽芩庈耹靲擒檎紟吟訡廞陰霠飲蔭廕矜
介,(*kreːds),妎芥尬界介疥玠砎魪价衸齘骱扴圿忦
仌,(*pŋrɯŋ),冫冰砅馮憑
从,(*zloŋ),摐鏦豵嵸蓯蹤縱樅磫熧瘲暰瑽從从慫聳傱
付,(*pos),鉜跗柎腑俯府付咐怤泭姇紨拊弣符苻坿腐附駙鮒袝蚹胕
令,(*ren),令怜零魿命冷跉嶺領阾柃袊詅旍舲齡囹鴒蛉鈴苓伶泠瓴拎刢玲聆竛軨笭翎閝鹷昤駖彾呤狑秢岭紷砱羚姈蕶澪
以,(*lɯʔ),似姒耜佀以苡苢
伏,(*bɯɡs),絥伏垘茯洑栿
伐,(*bad),茷筏伐閥垡栰
休,(*qʰu),茠烋恘休貅咻庥鵂髤髹
余,(*la),斜茶荼梌搽塗佘賒畬舍捨騇涻稌悇庩捈途酴駼鵌涂嵞峹筡蒤徐俆敘漵除篨滁蒢蜍鵨瑹余餘艅狳雓悆
佩,(*bɯːs),佩珮
佾,(*lɯd),洕佾屑榍糏
侃,(*kʰaːnʔ),諐侃偘
來,(*m·rɯːɡ),來萊淶徠崍郲騋猍鯠鶆庲棶斄逨麳唻賚睞勑誺倈憖猌麥
侖,(*run),蜦綸論崘掄菕惀睔碖溣倫淪輪侖陯鯩棆踚耣錀
侯,(*ɡoː),緱侯喉猴瘊篌糇帿睺矦餱翭葔鄇鍭鯸候堠
侵,(*sʰim),鋟綅祲埐梫濅浸侵駸寢寑薓
便,(*ben),鞭鯾箯便緶楩
保,(*puːʔ),襃保堡褓堢緥葆賲宲椺
俞,(*l̥ʰus),褕偷媮鍮緰牏揄窬歈俞隃毹輸鄃腧逾榆愉渝瑜蕍覦蝓踰崳羭堬瘉萮騟愈貐喻諭
倉,(*sʰaːŋ),艙倉蒼滄傖鶬凔槍搶蹌瑲牄嗆創瘡愴鎗
倝,(*kaːns),乾漧倝榦韓鶾翰瀚螒雗斡
備,(*brɯɡs),憊韛備俻鞴糒犕
僉,(*skʰlam),厱歛臉醶鹼薟匳獫蘞籢斂瀲撿羷殮簽僉憸譣檢瞼儉顩嬐嶮噞驗險劒劍𩏩
兀,(*ŋuːd),虺豗鼿虫髡軏扤兀杌屼矹
允,(*lunʔ),唆梭葰誜朘捘荾酸狻痠鋑脧悛吮萒沇抁馻兖渷兗焌允狁玧俊晙餕畯駿竣皴逡踆夋埈陖鵕浚峻
元,(*ŋon),冠莞脘筦梡岏刓园忨蚖黿抏玩貦翫妧完捖垸綄院皖晥浣頑睆鯇元沅芫杬邧阮俒
兄,(*hmraŋ),怳況貺况兄
充,(*l̥ʰjuŋ),統充珫茺銃
兆,(*l'ewʔ),挑洮桃逃咷鼗鞉駣𣂁脁晁兆旐狣鮡垗姚珧銚恌烑餆筄艞佻祧朓庣趒聎眺覜頫絩跳窕誂
先,(*sɯːn),洗先銑跣毨姺筅冼箲駪兟詵侁
光,(*kʷaːŋ),光灮洸桄胱垙輄恍茪侊晃幌榥滉觥駫
克,(*kʰɯːɡ),克剋勊
兌,(*l'oːds),毤蛻娧駾裞兌綐銳帨稅說涚䫄脫侻挩莌梲鮵敓痥悅閱
免,(*mronʔ),免娩勉俛鮸冕絻婏浼鞔悗嬎晚挽輓脕莬
兒,(*ŋeː),掜誽倪蜺霓郳齯婗輗棿猊麑貎鯢兒觬堄晲睨唲隉鶂鬩
兓,(*sl'ɯm),簪撍鐕憯噆朁蠶蚕糣熸鬵灊潛僭兓嶜兂譖
兔,(*tʰaːs),菟兔鵵梚
兜,(*toː),兜篼
兢,(*kɯŋ),兢殑
內,(*nuːbs),妠內笍芮枘汭鈉蜹抐納衲魶軜蒳豽肭吶焫訥
全,(*zlon),拴栓跧痊詮荃銓筌輇硂佺駩絟恮峑全仝牷
兩,(*raŋʔ),倆兩脼緉蜽魎輛
八,(*preːd),扒八𩡩朳玐釟汃
公,(*kloːŋ),慃袞衮蔉滚忩鬆凇公蚣翁螉蓊嗡滃暡勜塕瓮崧菘硹淞蜙倯松訟頌忪彸衳伀妐炂鈆
六,(*ruɡ),六圥
兮,(*ɢeː),盻兮枍
共,(*kloŋ),港巷衖鬨烘洪鉷谼葓哄蕻恭供龔珙共髸拱拲蛬栱輁舼輂
兵,(*praŋ),浜捠兵
其,(*kɯ),基箕朞稘萁期諅其錤諆欺娸魌僛唭棋旗淇祺琪騏綦麒蜞綨蜝棊碁鯕踑藄櫀璂禥惎帺
具,(*ɡos),俱椇具埧颶
典,(*tɯːnʔ),典錪腆痶淟琠賟晪
兹,(*ʔsɯ),糍茲滋孳嵫嗞鎡鰦鶿稵螆慈鷀磁礠濨
兼,(*keːm),譧賺尲鹻歉槏鰜稴豏甉廉鎌鬑鐮簾薕蠊嬚溓嵰隒熑濂燫兼縑鶼蒹搛謙膁嗛慊傔馦嫌鼸尷
冀,(*krɯls),冀驥懻
冃,(*muːɡs),媢冃冒帽瑁賵艒萺勗勖
冉,(*njam),那挪娜柟抩聃舑坍髯蚺呥冉袡苒姌
冊,(*sʰreːɡ),栅冊笧
冋,(*kʷeːŋ),苘詗駉坰冋絅扃炯迥泂
再,(*ʔsɯːs),再洅
冎,(*kroːlʔ),碢腡過渦鍋楇瘑緺堝濄鐹薖簻禍窩萵檛膼蝸媧騧冎剮諣歄咼喎
冓,(*koː),溝篝鞲韝褠冓構購媾覯遘煹搆講耩傋斠
冖,(*meːɡ),冟冖冪羃濗鼏
冗,(*njoŋʔ),宂冗
冘,(*lu),冘抌狖貁耽眈酖妉黕衴瓭馾髧紞鈂沈沉枕莐霃鴆訦忱邥魫
冡,(*moːŋ),蒙冡濛艨朦矇饛檬鸏幪蠓靀曚
冤,(*qon),冤蒬
冥,(*meːŋ),瞑嫇慏冥榠鄍溟螟猽蓂覭暝幎幂塓
冬,(*tuːŋ),疼冬苳笗炵佟鼕鉖終螽鼨柊鴤泈蔠
几,(*krilʔ),肌飢机虮几麂
凡,(*bom),嵐葻釩汎凡帆颿軓梵芃風飌楓猦偑檒瘋諷堸渢鳳
凶,(*qʰoŋ),酗凶匈兇訩胸胷洶恟詾
凷,(*kʰuːds),凷屆
出,(*kʰljuds),聉贅祟出茁欪貀袦咄柮拙炪掘鈯啒淈窟泏堀胐窋絀黜屈趉鶌詘倔崛
函,(*ɡuːm),蜬函涵顄圅菡
刀,(*taːw),刀忉鱽舠朷叨倒到菿鞀鳭灱菬超怊欩召昭招鉊沼照詔炤弨眧韶佋軺玿柖紹袑綤邵劭卲刁芀貂蛁迢苕髫岧
刃,(*njɯns),涊紉忍荵刃認仞軔韌肕牣杒訒
刅,(*sʰraŋ),梁粱刱
分,(*pɯn),扮盼頒朌鳻份汃玢邠攽砏貧湓盆葐坌坋分吩粉黺芬紛衯棻氛雰忿魵汾羒枌棼妢梤馚鼢蚡弅秎
列,(*red),例鮤栵洌銐峛列裂烈冽迾蛚茢颲鴷挒姴
删,(*sraːn),珊跚姗删栅
利,(*rids),犁黎莉黧鯬筣蔾藜邌瓈鵹棃梨蟍蜊鑗利痢浰
别,(*pred),捌哵別莂
制,(*kjeds),制淛製掣痸猘
刷,(*sroːd),涮刷
則,(*ʔsɯːɡ),廁則賊鰂鱡蠈側萴測惻崱
剌,(*raːd),莿鵣辣辢剌揧瘌楋蝲
前,(*zleːn),媊煎湔鬋剪翦譾揃箭葥前騚歬
力,(*rɯɡ),勒肋扐仂艻朸玏泐阞竻力屴鳨
加,(*kraːl),妿賀迦茄伽枷嘉加笳痂袈跏珈鴐架駕瘸
劦,(*ɦleːb),栛珕荔脅姭搚拹愶嗋熁協勰劦叶
劫,(*kab),劫蜐
勞,(*raːw),勞撈嘮癆簩蟧憥澇僗髝膋犖
勹,(*pruː),袍袌軳抱勽菢勹包胞苞枹飽泡炮皰疱跑咆庖匏刨狍炰鉋瓟颮鞄鮑骲玸雹窇
勺,(*pljewɢ),豹趵尥箹杓約扚釣瘹芍酌灼勺彴犳妁汋仢葯礿肑瓝的靮馰玓魡
勿,(*mɯd),脗吻刎伆勽沕忽昒惚匫笏曶淴物勿芴岉
匀,,枃笉郇絢眴盷訇迿姰畇荀詢洵恂峋珣槆筍箰旬殉徇侚均鈞袀汮呁筠荺匀韵輷揈鍧渹赹憌惸咰
匊,(*kluɡ),菊鞠掬匊鵴椈諊踘趜蘜鞫巈麴毱驧
匋,(*bl'uː),掏蜪陶萄啕淘騊匋祹綯
匕,(*pilʔ),匕庀疕朼牝
化,(*hŋʷraːls),訛吪鈋囮魤靴貨花化杹匕
北,(*pɯːɡ),背鄁偝邶苝北
匘,(*nuːʔ),腦惱瑙匘碯硇𣳦
匚,(*paŋ),匚匠
匹,(*pʰid),匹鴄
医,(*qiːs),鷖翳嫛黳繄医嫕蘙瞖殹贀醫毉蠮
匿,(*nɯɡ),暱慝匿
區,(*qoː),摳彄剾謳歐區鷗甌漚瞘嘔櫙膒蓲醧鏂毆塸貙樞驅軀嶇鰸敺傴嫗饇
十,(*ɡjub),針汁卙十什
卂,(*sins),汛軐卂訊訙迅阠扟籸蝨
升,(*hljɯŋ),升昇陞抍
午,(*ŋaːʔ),卸汻滸午仵旿忤迕杵籞蘌篽禦許御
卉,(*hmɯlʔ),卉芔泋
半,(*paːns),半絆靽姅拌拚坢判泮頖胖冸牉柈伴叛畔袢
卑,(*pe),捭牌郫蠯猈稗粺𥱼豍箄錍睥渒鼙鞞椑崥髀卑鵯裨痺碑婢諀脾埤陴蜱焷螷庳琕萆綼
卒,(*ʔsuːd),晬祽綷淬啐倅焠碎誶濢噿臎醉翠悴萃瘁顇粹睟賥卒稡猝椊捽崪窣崒踤錊
卓,(*rteːwɢ),悼淖罩鵫趠踔棹鋽掉逴焯綽婥繛卓桌倬啅晫
南,(*nuːm),南楠腩湳揇萳罱喃諵
卜,(*poːɡ),仆赴訃朴圤卜鳪扑攴
卞,(*brons),汴卞忭抃犿笇飰
占,(*ʔljem),頕煔炶詀站檆黏粘枮霑沾覘鉆占颭佔苫痁蛅阽敁掂點玷店坫黇扂拈鮎砧笘跕貼帖怗呫
卬,(*ŋaːŋ),卬枊昂仰迎
卯,(*mruːʔ),卯昴泖茆奅窌聊貿鄮劉留蒥鶹騮榴瑠瘤遛鎦飀鰡嵧餾瀏懰柳珋罶嬼溜霤廇塯
印,(*qiŋs),印鮣
危,(*ŋrol),鮠峞頠詭垝陒觤恑蛫祪洈姽桅佹跪危峗硊卼
即,(*ʔsɯɡ),卪癤幯節蝍蠞堲唧楖揤櫛瀄擳即鯽
卵,(*ɡ·roːlʔ),卵關関聯
卷,(*ɡron),腃卷菤捲埢睠弮犈棬鬈圈蜷踡婘蔨倦淃綣裷
厂,(*hŋaːnʔ),厂屵
原,(*ŋʷan),羱豲謜縓原源厵嫄騵榞獂蒝願傆愿
厶,(*sil),私厶
厷,(*kʷɯːŋ),肱宏閎吰竑谹翃紘鈜浤耾雄
去,(*kʰaʔ),佉呿抾弆祛袪阹胠魼去麮鼁砝劫鉣蜐怯
厽,(*rolʔ),絫厽垒
參,(*sʰluːm),篸參驂傪慘黲謲毿蔘犙糝槮鬖摻醦縿穇嵾磣墋曑瘮滲
又,(*ɢʷɯs),絠醢珛栯有友右宥囿侑酭姷又佑祐賄蛕烠倄鮪洧痏郁戫哊
叉,(*sʰraːl),叉杈靫汊衩扠釵芆訍
及,(*ɡrɯb),趿鈒靸馺砐魥扱笈衱极昅雭急級汲芨伋彶及岌吸
反,(*panʔ),扳板版瓪昄鈑蝂眅阪魬粄反返坂畈販汳飯
叕,(*tod),蝃欼綴醊畷啜餟腏錣輟娺窡鵽掇剟裰敠惙罬叕歠逫
取,(*sʰloːʔ),陬棷掫緅趣取鯫棸鄹郰齱菆箃黀驟最襊蕞嘬諏娵娶聚埾藂叢繓撮
受,(*tuːs),受綬授
叚,(*kraːʔ),葭麚瘕豭貑猳犌假嘏婽椵叚蝦煆霞遐瑕鰕碬蕸赮鍜騢暇
叟,(*suːʔ),㮴艘嫂瞍謏叜叟傁廋醙遚餿搜颼溲鎪獀鄋螋騪瘦
口,(*kʰoːʔ),口叩扣釦筘
古,(*kaːʔ),箇個居橭嫴姑辜酤蛄鴣沽盬古罟估鈷詁牯故固稒痼錮鯝棝凅枯軲跍骷苦葫餬瑚湖鶘猢醐糊箶蝴胡瓳怙祜岵婟楛据裾琚椐鶋蜛崌涺腒鋸倨踞涸
句,(*koː),勾鉤鴝句夠枸軥狗苟岣笱玽耇豿敂怐雊竘齁呴蚼豞訽佝拘駒眗跔鮈痀蒟絇邭劬朐鼩斪翑葋姁欨喣煦昫
只,(*klje),只胑疻軹咫枳抧伿齞
可,(*kʰaːlʔ),砢柯菏牁滒哥歌謌鴚哿舸笴軻珂可岢坷蚵呵訶抲荷何河苛魺袔阿妸疴鈳娿痾跒閜
台,(*l̥ʰɯː),胎台邰鮐孡苔抬駘炱菭跆殆怠迨紿詒軩咍佁枲辝鈶笞齝眙治始怡貽飴瓵珆
史,(*srɯʔ),吏倳剚事史使駛
号,(*ɦlaːws),饕號号枵呺鴞
司,(*slɯ),司伺覗笥詞祠柌嗣孠飼呞
各,(*klaːɡ),髂路輅賂虂露潞鷺璐簬簵洛駱絡酪烙雒珞硌袼笿鉻鮥鵅挌落各胳閣格擱恪愙貉狢佫略茖骼觡蛒敋客喀揢額峉頟詻垎楁
合,(*kuːb),龕媕頜答畣荅嗒褡撘搭榙佮蛤鴿合郃匌鉿閤鞈韐鮯哈姶欱盒耠詥塔鞳劄跲袷餄恰帢洽祫珨烚歙湁拾給翕噏潝熻嬆翖闟
吉,(*klid),秸髻夡鴶袺頡劼硈咭黠聐趌結拮桔狤擷襭翓纈吉郆詰蛣佶鮚姞欯恄
同,(*doːŋ),鮦侗恫痌同仝銅桐峒硐筒洞烔挏酮鲖眮衕哃絧姛詷胴駧迵戙
名,(*meŋ),名洺眳詺銘茗酩姳
后,(*ɡoːʔ),垢詬茩姤銗骺后垕郈逅鲘缿
向,(*hljaŋs),晌餉向珦
君,(*klun),涒麏莙輑蜠峮窘僒君桾宭鮶捃群羣裙裠帬焄郡
吝,(*m·rins),麐吝悋
吳,(*ŋʷaː),吳蜈
吴,,鋘麌祦誤悞娛虞澞鸆俣噳
吹,(*kʰjol),吹炊焁
呂,(*ɡ·raʔ),櫚閭吕侣梠郘絽莒筥
呈,(*rleŋ),挰鋥逞裎悜睈呈程酲珵徎郢浧桯鞓壬鐵驖戜
告,(*kuːɡs),造慥艁糙告誥郜祰靠浩晧皓窖簉梏硞牿鵠酷焅嚳頶
周,(*tjɯw),裯啁禂綢翢錭雕凋琱鯛鵰彫奝調蜩惆婤稠椆周輖賙郮晭倜
咅,(*pʰɯʔ),蓓倍菩掊剖婄踣箁咅部培犃瓿殕醅棓涪賠陪毰焙
咎,(*kɯːw),咎鼛櫜倃綹麔晷厬
咠,(*ʔsib),楫檝湒咠葺緝諿輯箿蕺戢濈霵揖
咸,(*ɡrɯːm),感鱤顑轗撼憾喊緘瑊黬減羬麙咸鹹醎諴椷輱鍼箴葴鱵
品,(*pʰrɯmʔ),臨瀶品
員,(*ɢon),員圓塤損縜隕殞溳磒霣愪勛鄖篔貟韻
唯,(*ɢʷi),匯擓淮睢嶉趡踓雖濉倠婎蓶維惟唯濰琟鷕帷鵻
商,(*hljaŋ),商蔏螪
啓,(*kʰeːʔ),啓啟棨綮晵闙启
啚,(*prɯʔ),鄙啚
善,(*ɡjenʔ),橏嫸善譱蟮鱔僐鄯墡磰繕膳饍
喜,(*qʰlɯʔ),嘻嬉禧熹僖歖譆瞦喜憙蟢糦饎
喬,(*krew),驕嬌憍穚鷮蕎喬簥撟矯鱎敽蟜譑蹻繑鞽趫嘺橋僑鐈毊轎嶠獢屩
單,(*taːn),嚲癉奲驒鼉磾鷤觶單鄲殫簞匰襌啴彈貚撣潬僤憚樿燀戰闡繟幝嘽灛蟬禪嬋墠鱓蕇
喿,(*saːws),藻澡璪繰躁趮操幧懆鄵鐰臊鱢燥噪髞喿譟劋橾
嗇,(*srɯɡ),濇嗇穡薔轖繬嬙懎
嘼,(*qʰlus),獸嘼
囂,(*ŋaːw),囂虈
囚,(*lju),鮂囚泅苬
四,(*hljids),訵四泗駟柶牭呬
回,(*ɡuːl),回徊茴洄迴佪蛔
囟,(*snɯns),崽偲腮鰓揌顋愢毢諰細思緦罳禗楒葸恖颸囟顖毸
因,(*qin),欭烟胭咽恩煾因姻茵鞇氤洇駰絪裀
困,(*kʰuːns),硱梱捆綑閫悃稛裍齫困涃
囱,(*sʰroːŋ),牎窗窓囱總熜傯緫揔偬囪璁驄蔥匆怱葱楤聦繱騘鍯聰愡檧憽幒
囷,(*kʰrun),菌麇麕囷箘攈
圂,(*ɡuːns),溷慁圂
圖,(*daː),啚圖
土,(*l̥ʰaːʔ),社肚土吐芏杜靯荰
圣,(*kʰuːd),怪恠圣
圥,(*ruɡ),灶竈鼀
圭,(*kʷeː),街鞋娾佳鮭涯崖啀厓捱睚娃洼哇胿溎觟黊蘳蛙窪卦挂掛詿罣絓鼃圭珪邽閨袿窐茥桂筀奎刲蝰楏睳畦眭烓跬恚硅
坐,(*zoːlʔ),脞侳挫夎遳銼剉莝趖矬痤睉坐座髽
坙,,羥俓牼硁誙娙莖痙
坴,(*m·ruɡ),睦坴陸稑鵱鯥淕踛
垂,(*djol),埵綞涶唾厜腄箠娷諈錘甀硾捶垂陲倕菙睡
垔,(*qin),黫甄薽籈煙湮堙禋闉垔陻諲歅鄄
垚,(*ŋeːw),撓鐃譊橈磽墝穘顤燒饒蟯蕘襓繞遶嬈趬蹺翹澆驍僥堯垚嶢獟膮嘵憢曉皢
埶,(*ŋeds),褹勢藝囈埶蓺槸爇褻暬熱槷
執,(*tjib),騺摯贄鷙墊慹謺褺蓻縶漐蟄執瓡
堇,(*ɡrɯn),囏螼堇墐𥎊僅瑾覲殣饉廑瘽歏鄞謹槿漌慬勤懃懄
塞,(*slɯːɡs),賽塞簺僿寨
士,(*zrɯʔ),茌士仕
壬,(*l̥ʰeːŋʔ),紝鵀拰賃任壬恁銋荏餁栠袵飪妊衽
壴,(*tos),壴廚躕櫥幮樹澍尌
壹,(*qlid),曀殪豷懿饐鷧撎亄噎壹
壽,(*djuʔ),禱擣檮壔懤濤燾翿幬儔譸籌疇躊燽薵魗醻壽璹鑄
夅,(*ɡruːŋ),贛灨竷戇洚降絳栙夅跭隆癃窿霳
夆,(*pʰoŋ),胮逄舽
夌,(*rɯŋ),棱稜輘倰祾踜凌菱陵綾鯪淩夌蔆崚掕𩜁庱睖
复,(*buɡ),愎鍑覆復椱複馥腹輹蝮蕧复鰒澓
夏,(*ɡraːʔ),榎廈嗄夏
夐,(*qʰʷeːns),讂矎夐瓊藑觼
夒,(*ml'uː),獿犪擾
夔,(*ɡrul),夔犪躨
夕,(*ljaːɡ),夕汐穸
夗,(*qonʔ),涴埦豌剜眢蜿帵碗椀盌腕惋捥睕琬鴛鵷惌宛怨葾夗婉菀苑踠畹倇晼黦焥
夙,(*suɡ),洬夙
多,(*ʔl'aːl),多哆跢痑爹陊橠袲奓栘黟趍誃簃眵恀侈姼鉹垑袳卶宜誼竩移迻扅拸熪謻蛥
夢,(*mɯŋ),蘉瞢懜懵甍薨夢鄸
大,(*daːds),馱大忕太汰汏軑釱达杕
天,(*qʰl'iːn),添忝悿舔菾天吞祆蚕
夫,(*pa),趺肤邞鈇衭玞夫鳺扶妋麩蚨芙颫枎
夬,(*kʷraːds),袂夬快駃筷炔觖缺蒛吷妜決訣抉玦芵赽鴂鈌决疦蚗趹
夭,(*qoːwʔ),笑夭镺芺妖祅枖訞殀仸妋飫沃鋈
央,(*qaŋ),鴦佒咉眏姎坱映泱盎駚軮醠央秧殃鞅鉠雵胦柍詇岟炴怏紻英瑛霙韺媖渶鶧楧暎
夰,(*kuːʔ),夰昦
失,(*hliɡ),眣蛈迭跌瓞昳胅軼苵镻詄泆趃柣抶秩帙紩袠翐妷失佚劮
夷,(*lil),桋荑銕鴺鮧洟羠咦夷姨痍峓恞眱蛦胰跠
夾,(*kreːb),瘞瘱脥浹挾夾郟筴裌鵊狹峽硤陜陿翜梜頰莢鋏蛺唊悏匧愜篋俠綊
奄,(*qromʔ),庵鵪菴馣晻唵黤埯淹閹崦醃掩奄罨裺俺腌殗餣
奇,(*kral),奇畸剞羇掎攲躸踦寄徛欹崎觭碕綺婍騎琦鵸錡輢齮犄猗椅旖陭檹漪倚
奈,(*naːls),奈柰渿捺
奏,(*ʔsoːs),奏凑腠輳楱湊
奐,(*qʰʷaːns),渙瘓喚煥奐寏換
奔,(*pɯːn),賁蟦膹橨奔錛噴濆歕獖餴饙僨墳燌豶羵蕡鐼馩轒鼖憤鱝
奚,(*ɡeː),謑膎鞵榽鷄雞谿嵠溪磎螇鸂奚豯徯蹊騱傒鼷蒵貕慀
奠,(*diːŋs),奠鄭擲躑
奧,(*quːɡs),襖懊燠奧墺隩澳噢薁䉛
奭,(*hjaɡ),奭襫
女,(*naʔ),拿拏詉蒘笯挐絮呶怓帑奴砮駑孥努弩怒袽帤女籹恕如茹洳鴽蕠汝肗
好,(*qʰuːʔ),薅好
妃,(*pʰɯːls),圮妃
妟,,堰躽宴蝘偃郾鶠褗匽鼴鰋揠
妥,(*n̥ʰoːlʔ),妥鵎挼骽脮餒浽娞鮾綏荽鋖桵
妻,(*sʰiːl),妻萋淒凄悽鶈郪緀霋棲
妾,(*sʰeb),霎翣帹接椄菨鯜妾淁踥
委,(*qrol),矮躷捼倭涹踒餧諉痿萎逶覣蜲委緌
姥,(*ruːʔ),姥峔
姦,(*kraːn),姦葌
威,(*qul),崴威葳隇蝛鰄楲
婁,(*ɡ·roː),樓摟耬僂婁螻髏蔞鞻艛膢廔嘍瞜簍慺鷜褸遱謱嶁甊塿漊鏤瘻擻藪籔氀縷屢數屨窶貗
子,(*ʔslɯʔ),孜仔孖子虸耔秄杍籽字茡芓牸李
孑,(*ked),孑𨥂
孔,(*kʰloːŋʔ),吼孔
存,(*zluːn),荐洊臶栫袸存拵
孚,(*pʰuw),殍脬捊莩哹浮蜉桴罦琈粰烰艀俘孚孵稃郛筟
孛,(*bɯːds),誖悖孛哱馞勃餑郣浡桲挬脖鵓渤綍
孝,(*qʰruːs),酵窙哮庨涍孝
季,(*kʷids),季悸痵
孨,(*nɯb),孨孱
孫,(*suːn),孫猻蓀搎遜愻
孰,(*djɯwɢ),熟孰塾
孱,(*sɡreːn),孱潺僝轏樼
孴,(*ŋɯʔ),孨孴
學,(*ɡruːɡ),攪覺澩斆鱟嶨礐觷學鷽
宁,(*da),貯詝柠宁佇竚苧紵羜眝
它,(*l̥ʰaːl),佗拕它蛇袉鴕駝紽鮀陀沱跎詑酡迱舵柁鉈
守,(*qʰljuʔ),守狩
安,(*qaːn),安鞍鞌侒按案洝荌晏鴳騴鷃頞胺咹
宋,(*sluːŋs),浨俕宋
宕,(*daːŋs),宕菪
宗,(*ʔsuːŋ),淙鬃漴粽宗倧綜錝賨琮悰孮誴崇崈踪
官,(*koːn),官棺倌悹涫管琯痯輨錧館婠悺逭菅綰捾
宰,(*ʔsɯːʔ),宰縡梓滓
害,(*ɡaːds),轄害犗幰攇憲瀗割磍瞎鎋鶷縖豁
家,(*kraː),家傢幏稼嫁
宷,(*hljɯmʔ),宷審瀋嬸
宿,(*suɡs),宿蓿縮樎蹜摍
寅,(*lil),寅蔩鏔演縯戭夤螾濥瞚
寇,(*kʰoːs),滱寇簆蔻
寉,(*ɡluːwɢ),鶴髉篧榷搉傕確寉蒮
寒,(*ɡaːn),寒蹇謇搴藆騫褰攐鑳寋鶱
寧,(*neːŋ),濘獰檸儜薴鬡鑏嬣寍寗甯寧鸋嚀聹
寸,(*sʰuːns),村忖刌寸
寺,(*ljɯs),等待寺持峙痔跱歭洔畤秲庤時鰣塒蒔榯恃侍詩邿特
寽,(*rud),酹脟捋蛶埒鋝浖哷寽
封,(*poŋ),幫鞤封葑犎崶湗
射,(*ɢljaːɡs),謝榭射麝
專,(*tjon),竱團摶篿慱剸鄟漙鷒轉傳囀縳專磚甎塼嫥膞鱄蓴
尉,(*quds),尉熨慰罻犚蔚螱褽鳚
尊,(*ʔsuːn),尊樽罇嶟繜撙噂譐僔蹲鱒鐏遵鷷墫竴
尋,(*ljum),襑憳蕁撏燖尋潯樳鄩
對,(*tuːbs),對轛薱濧懟
小,(*smewʔ),觘抄鈔訬炒吵耖仯眇渺杪秒篎妙玅釥小少麨尠
尔,(*njelʔ),妳弥尒尔迩你苶
尗,(*hljɯwɢ),椒茮踧蔋惄戚慼鏚慽磩寂嘁墄摵督錖裻傶蹙槭縬顣敊琡俶埱淑婌尗叔掓菽鮛
尚,(*djaŋ),當襠鐺簹璫檔儅蟷擋黨讜欓譡闣瓽鏜闛鼞曭儻戃矘爣攩淌倘躺趟堂坣棠糛螳隚橖掌廠敞僘氅常嘗裳徜尚甞鋿嫦償賞瞠撐樘橕牚埫
尞,,簝潦獠轑橑燎繚璙憭爒僚嫽療膫鷯遼撩嘹寮飉竂鐐蟟瞭嶚镽
尤,(*ɢʷɯ),尤疣肬沋訧忧蚘
尨,(*mroːŋ),厖駹狵尨浝哤牻娏蛖𥆙痝𪁪
就,(*zuɡs),僦就鷲殧噈蹴
尸,(*hli),杘尸鳲屍屎
尹,(*ɢʷlinʔ),芛伊咿蛜笋尹
尺,(*tʰjaɡ),尺蚇
尼,(*nil),泥屔苨坭迡埿旎狔抳尼呢怩柅蚭跜秜痆昵
尾,(*mɯlʔ),娓尾浘
局,(*ɡoɡ),鋦挶梮局跼侷
屋,(*qoːɡ),握幄偓渥齷楃喔腛媉屋剭
展,(*tenʔ),碾輾展搌
屖,(*sliːl),厗屖遟謘稺
屚,(*roːs),漏瘺屚
屯,(*duːn),躉窀沌盹頓扽黗吨屯飩豘軘坉邨忳芚庉囤迍杶瑃椿偆肫訰純春蠢踳惷蒓賰鬊
屰,(*ŋraɡ),斥訴泝愬遡塑溯遻柝鶚諤齶鍔遌崿偔堮湂鱷噩咢鑩鄂鰐萼愕顎朔槊蒴坼拆逆屰縌蝷
山,(*sreːn),山疝邖汕訕仙秈苮屾
岡,(*klaːŋ),岡崗剛掆鋼綱犅堈
岳,(*ŋroːɡ),岳捳
崔,(*zluːl),嗺催璀皠漼鏙摧崔慛槯繀膗
巂,,孈纗攜蠵鑴驨酅雟讗觽儶觿欈瓗携
川,(*kʰjon),川釧巛巡馴紃甽順訓
州,(*tju),洲州喌酬詶
巠,(*keːŋ),葝頸勁鑋輕涇經鵛巠剄烴徑逕桱蛵陘鋞脛踁
巢,(*zraːw),璅繅薻罺摷勦巢轈樔鄛剿漅
巤,(*rab),鑞蠟邋臘臈擸擖獵躐鬣儠犣鱲巤獦
工,(*koːŋ),缸篢贑涳江肛扛杠豇茳釭矼玒虹腔崆羫控椌悾跫啌谾舡缻項屸功工疘魟攻愩碽貢羾空箜硿埪鵼倥鞚叿嗊訌紅仜葒渱鴻汞澒鞏巩銎恐蛩筇桏邛
左,(*ʔsaːlʔ),左佐袏蹉瑳搓磋溠傞醝瘥鹺嵯嵳蒫艖齹縒褨嗟差鎈槎髊
巨,(*ɡaʔ),柜渠磲蕖蟝璖巨距拒苣炬詎鉅秬粔駏歫矩榘
巫,(*ma),巫誣莁鵐
己,(*kɯʔ),改跽己紀妀記杞屺芑邔玘忌鵋誋梞
巳,(*ljɯʔ),巳祀汜戺起熙媐圯异巸
巴,(*praː),巴芭笆豝鈀吧蚆疤把爸弝靶葩舥妑帊琶爬杷跁耙
巵,(*tje),巵梔
巽,(*sqʰuːns),撰饌譔鐉選繏潠蟤僎襈巽簨
巾,(*krɯn),巾帘
巿,(*pub),沛芾伂霈旆肺杮巿
帀,(*ʔsuːb),帀沞魳迊匝咂韴砸
希,(*hlɯl),桸郗絺脪瓻希晞莃鵗稀睎豨悕俙欷浠唏
帚,(*pjuʔ),婦帚箒鯞
帝,(*teːɡs),膪揥腣諦偙渧帝楴啼蹄締崹鶙禘啻嫡摘謫讁擿蹢適啇滴鏑甋樀敵
師,(*sri),篩師鰤蒒獅螄
帶,(*taːds),帶蹛艜慸滯懘蔕螮摕僀殢遰墆嵽蒂
干,(*kaːn),訐肝竿干奸玕汗迀忓鳱邗秆矸仠皯衦簳擀旰盰幹杆骭桿趕稈刊靬衎犴豻頇岸鼾罕焊蔊虷旱皔釬扞閈馯捍悍銲垾駻睅娨飦赶軒蓒酐澣
平,(*ben),平怦砰抨閛伻評坪苹枰泙蚲胓匉萍
幵,(*kŋeːn),笄枅蚈羿栞雃詽揅幵鳽豣麉趼汧岍研妍訮鈃
并,(*peŋ),鵧駢胼骿軿賆跰恲鮩絣拼迸姘皏併并栟屏箳餅鉼摒庰偋艵頩竮瓶缾蛢荓郱洴蓱
幸,(*ɡreːŋʔ),幸倖婞涬緈悻睪
幺,(*qiːw),幺吆
幼,(*qrɯws),黝坳軪眑拗鴢靿狕袎怮窈苭泑呦蚴幼
幾,(*kɯl),機譏嘰磯鞿饑禨幾鐖僟璣蟣穖畿
庚,(*kraːŋ),唐煻糖搪蓎瑭餹篖螗塘鶶赯磄溏傏鎕榶嵣庚賡鹒康穅糠槺漮躿慷
庶,(*hljaɡs),褯遮蔗鷓樜蟅嗻鍍度渡庶剫踱喥謶席蓆墌摭蹠
廄,(*kɯws),廄匓
廛,(*dan),纏緾躔瀍鄽廛
延,(*lan),唌誕蜑蛋硟涎脠梴鋋埏挻鯅延筵蜒狿郔綖莚
廷,(*l'eːŋ),蜓涏綎珽脡侹頲廷庭鼮莛筳霆娗挺艇鋌梃誔
建,(*kans),犍騝鍵揵鞬腱湕建旔楗健
弁,(*brons),鴘弁拚閞昪匥笲軬畚
弄,(*roːŋs),筭弄梇哢硦
弇,(*kɯːm),弇媕黭揜渰鞥
弋,(*lɯɡ),戴襶貸代袋岱黛玳帒甙酨試弒忒貣鴏栻侙恜式軾拭鉽烒弋芅黓隿杙釴
弓,(*kʷɯŋ),弓穹焪芎
弔,(*tiːwɢ),盄弔伄
引,(*linʔ),紖矧訠弞引蚓鈏靷
弗,(*pɯd),鄪費砩沸疿茀髴昲靅狒怫胇艴弗紼柫笰拂刜彿佛坲咈炥
弘,(*ɡʷɯːŋ),弘鞃苰泓宖紭
弟,(*diːlʔ),梯睇涕挮鬀剃綈蕛稊苐鵜銻鮷罤弟娣悌第
弢,(*tʰaːw),弢詜
弱,(*njewɢ),嫋弱溺蒻搦愵
強,(*ɡaŋ),繈襁膙鏹勥強
彔,(*b·roːɡ),剝龣祿淥睩琭箓碌盝娽彔趢簶綠逯錄醁騄菉籙
彖,(*l̥ʰjelʔ),蠡盠彖墬喙餯剶猭鶨椽篆瑑堟蝝緣櫞掾褖湪
彗,(*sɢʷeds),櫘彗篲鏏槥轊熭嘒暳嚖慧蔧雪
彡,(*sroːm),杉彡衫髟釤䑣彤浵肜
彦,(*ŋrans),喭鏟産簅摌嵼滻顏楌偐齴遃嵃彦諺
彪,(*prɯw),彪淲滮
彬,(*prɯn),虨彬霦
彭,(*braːŋ),澎彭膨蟚蟛憉
役,(*ɢʷeɡ),椺役疫垼炈鈠豛坄
往,(*ɢʷaŋ),暀誑枉往
得,(*tɯːɡ),得淂棏
徙,(*selʔ),簁徙褷屣縰蓰
微,(*mɯl),矀覹黴薇媺微溦癓徽幑
徵,(*tɯʔ),徵癥澂懲
徹,(*tʰed),徹撤澈轍
心,(*slɯm),沁吣心杺伈
必,(*pliɡ),泌秘毖閟柲鉍邲覕咇苾馝飶鴓鮅必珌佖駜怭妼宓樒密蔤滵蜜謐榓淧瑟璱飋虙
念,(*nɯːms),淰唸埝趝諗稔棯腍捻錜敜惗菍
息,(*slɯɡ),息熄媳鄎瘜蒠
悉,(*sid),僁悉蟋窸
患,(*ɡroːns),漶贃患槵
惠,(*ɢʷiːds),韢繐憓潓惠蟪蕙橞譓鏸穗
惢,(*sqʰloːlʔ),惢蕊蘂繠
意,(*qɯɡs),噫譩醷意鷾憶億臆繶澺薏檍癔
愛,(*qɯːds),愛曖僾靉薆璦瞹
慶,(*kʰraŋ),慶羻
憂,(*qu),憂優瀀櫌鄾嚘耰獶纋懮
戈,(*koːl),戕戈划
戉,(*ɢʷad),泧眓越狘戉鉞樾怴
戊,(*mus),茂戊
戌,(*smid),滅搣烕戌珬銊
戎,(*njuŋ),娀戎茙駥狨絨
成,(*djeŋ),成城誠宬郕筬盛珹晟墭
我,(*ŋaːlʔ),莪哦娥峨峩鵝俄蛾睋涐誐硪我騀餓義儀轙檥蟻艤礒羛議犧曦羲
戒,(*krɯːɡs),祴駴戒誡悈械裓
戔,(*zlaːn),殘戔帴虥盞醆琖剗棧輚嶘錢俴籛淺濺踐諓餞賤綫箋牋
或,(*ɡʷɯːɡ),幗慖簂蔮國或惑蜮閾緎淢域罭棫琙魊馘聝膕摑漍嘓蟈掝彧稶
戛,(*kriːɡ),戛嘎
戟,(*kraɡ),戟撠
戠,(*tjɯɡ),識幟織熾樴職軄戠膱蟙
截,(*zeːd),巀截蠽
戸,,妒雇顧戽戶扈帍昈滬簄齭所
戹,(*qreːɡ),呃阸厄蚅扼軛戹豟呝軶
戾,(*rɯːds),錑戻戾綟唳蜧捩悷淚
扁,(*pʰen),斒鯿編揙褊篇偏翩媥扁萹騗騙諞楄蝙甂猵牑蹁匾碥惼糄徧遍頨艑
扇,(*hljen),扇煽傓
手,(*hnjɯwʔ),杽手
才,(*zlɯː),茬材才財鼒在豺
折,(*l'eːl),晢狾誓逝銴折娎哳踅哲蜇悊嚞喆硩浙晣焎
拜,(*proːds),拜湃
掃,(*suːʔ),掃埽
支,(*kje),支枝肢汥衼馶鳷忮伎豉翅翄妓庋跂蚑吱岐歧鬾技芰攱庪頍屐
攸,(*lɯw),絛窱蓧條鋚鞗樤鰷莜翛筱篠修脩樇滫悠攸浟蓨滌儵倐倏虪
敕,(*tʰɯɡ),敕勅鷘慗遫
敖,(*ŋaːw),熬敖嗷螯聱驁鰲遨獒滶蔜鷔鼇謷嶅嗸摮嫯鏊傲磝
敝,(*beds),蔽鄨鷩彆潎斃敝幣弊鱉虌憋瞥鐅嫳撇撆暼蹩襒
敢,(*klaːmʔ),撖澉噉敢橄瞰闞憨譀巖礹豃讝玁嚴儼曮釅
散,(*saːnʔ),散糤繖饊鏾潸霰撒
敦,(*tuːl),弴敦錞憝憞譈鐓鷻鶉惇墩驐燉焞啍暾噋諄埻稕醇淳犉
敫,(*kleːwɢs),礉邀憿徼儌璬皦繳敫譥激噭獥鸄墽竅覈燩檄薂
敬,(*kreŋs),蟼憼驚警儆璥檠敬擎曔
文,(*mɯn),旻旼汶忞盿枚玫玟文紋蚊雯彣馼鳼鼤抆紊
斌,(*prɯn),斌贇
斗,(*toːʔ),斗抖蚪枓阧斢鈄
料,(*reːw),料炓
斤,(*kɯn),蘄祈頎旂圻蚚岓玂沂掀釿齗听垽斤菦靳劤勁赾芹近斦欣忻昕訢炘邤庍焮
斬,(*ʔsreːmʔ),慚慙鏨槧暫蹔斬獑嶃覱摲漸塹壍嬱螹蔪
斯,(*se),嘶撕斯廝蟴燍鐁凘澌
方,(*paŋ),縍榜蒡牓螃搒舫謗雱磅霶滂鎊髈彷趽房篣騯傍膀旁徬閍祊嗙方汸坊邡枋鈁蚄肪鴋牥昉瓬放倣芳淓妨紡仿髣鶭訪防魴
於,(*qaː),閼菸於淤箊唹扵瘀棜
斿,(*lu),游遊蝣斿
旅,(*ɡ·raʔ),玈旅膂祣
旉,,敷璷
旋,(*sɢʷan),旋漩璇琁蜁嫙鏇縼
族,(*zoːɡ),蔟嗾鷟鏃瘯簇族
旡,(*kɯds),溉槩概摡慨嘅穊暨鱀塈既旡蔇炁櫭曁
日,(*njiɡ),涅捏篞衵日馹
旦,(*taːns),皽担胆疸觛亶嬗笪狚旦鴠譠坦但檀壇儃驙袒襢繵膻澶邅鱣饘旜氈鸇顫蟺擅羶呾怛妲靼炟
旨,(*kjiʔ),稽詣栺榰脂鴲指旨恉嗜蓍鰭耆鮨鬐
早,(*ʔsuːʔ),早草愺騲皁皂
昆,(*kuːn),昆琨鯤菎崐蜫惃錕猑騉緄輥棍餛混焜倱掍箟
昊,(*ɡuːʔ),昊顥灝
昌,(*tʰjaŋ),昌倡猖菖閶鯧裮琩唱
明,(*mraŋ),莔明盟萌奣
昏,(*hmɯːn),鍲抿緡捪湣昏婚閽惛棔殙
易,(*leːɡs),賜儩舓易敡鬄睗晹痬蜴埸逷剔踢惕錫裼緆
昔,(*sjaːɡ),借唶藉躤蜡齰醋錯措厝逪剒鵲碏踖趞皵舄斮簎諎矠庴籍耤猎昔惜腊焟棤
昚,(*ɡins),昚傄
昜,(*laŋ),湯踼蝪薚簜盪偒蕩燙啺碭婸愓璗崵逿暢畼腸場傷殤觴慯禓塲陽楊揚瘍煬鍚暘颺昜輰敭鰑諹瑒鸉餳
是,(*djeʔ),鞮隄堤鍉蝭醍緹提瑅題媞褆禔騠趧鯷踶徥匙是諟翨睼寔湜遈
昱,(*luɡ),煜翊翌昱喅
晉,(*ʔsins),鄑戩榗晉縉搢瑨
普,(*pʰaːʔ),譜普
暴,(*boːwɢs),暴曝瀑虣爆襮嚗謈犦懪
暵,(*hnaːnʔ),儺臡嘆灘擹攤癱歎難暵熯漢戁
曄,(*ɢʷab),曄爗燁曅皣瞱
曇,(*duːm),曇壜
曰,(*ɢʷad),曰汩
曳,(*leds),洩曳拽
曷,(*ɡaːd),愒馤靄餲喝揭偈猲葛輵獦渴嵑暍曷褐鶡毼蝎鞨遏齃堨擖楬朅藒竭碣羯鍻歇蠍謁
曹,(*zluː),遭糟醩傮槽曹螬漕嘈艚褿蓸慒
曼,(*moːn),獌鬘謾慢嫚縵曼饅蔓鰻墁鏝槾漫幔蟃
曾,(*ʔsɯːŋ),潧繒增憎磳曾矰罾熷竲橧譄蹭層贈僧鬙甑鄫驓嶒噌鏳
替,(*tʰiːds),替暜僣
會,(*koːbs),譮會儈膾鱠襘禬檜旝澮鄶廥鬠劊獪繪懀薈嬒瞺噲璯
月,(*ŋod),刖枂月跀抈鈅玥蚏
朋,(*bɯːŋ),崩堋漰倗朋鵬棚鬅掤淜輣繃弸
服,(*bɯɡ),菔服鵩箙棴
朏,(*pʰlɯːlʔ),朏昢
朕,(*l'ɯmʔ),黱朕鰧螣栚眹騰滕縢儯幐藤謄膡籐勝蕂榺塍媵賸
朝,(*ʔr'ew),嘲廟朝潮
木,(*moːɡ),木沐朷蚞霂
未,(*mɯds),寐魅鬽昧妹眛沬未味鮇菋
末,(*maːd),眛沬佅韎帓粖末昩秣靺眜抹妺怽沫袜
本,(*pɯːnʔ),本笨苯翉体鉢缽
朮,(*l'ud),訹怵朮炢術述秫沭蒁
朱,(*tjo),咮株誅邾鼄跦袾鴸蛛殊趎珠朱侏絑祩鮢硃姝銖茱洙陎
朵,(*toːlʔ),桗挆朵朶躲剁垛
朿,(*sʰeɡs),債積刺莿刾朿漬耫嘖梀捒幘簀嫧謮責皟憡策筴拺賾鰿擌蹟襀磧洓績勣樍
杀,,閷鎩殺蔱摋煞榝刹
杏,(*ɡraːŋʔ),杏莕
束,(*hljoɡ),涑鏉摗駷嗽瘶欶漱捒悚竦娕梀速餗殐遬蔌樕藗誎束
東,(*toːŋ),東菄鶇倲涷蝀凍鯟崠埬棟
杲,(*kaːwʔ),杲菒
析,(*seːɡ),菥蜤析皙蜥淅惁晰
林,(*ɡ·rɯm),婪惏啉漤醂林琳淋痳箖霖菻罧棽綝郴禁襟僸澿噤凚齽
果,(*kloːlʔ),裸躶果菓猓輠裹蜾惈粿窠稞課髁棵顆堁敤夥婐踝祼
枴,(*kʷroːlʔ),箉拐枴
某,(*mɯʔ),某謀媒煤腜禖
柬,(*kreːnʔ),蘭攔欄瀾讕闌韊幱籣躝爛爤鑭糷斕揀柬暕諫練鍊煉楝萰堜湅
栗,(*riɡ),栗溧慄鷅凓篥麜瑮塛搮
桀,(*ɡrad),桀傑榤嵥滐搩謋
桑,(*sŋaːŋ),桒桑磉顙嗓搡
桰,,咶話刮鴰趏舌姡頢括活适栝佸髺聒銛葀懖筈萿蛞闊秳
桼,(*sʰiɡ),漆桼膝厀
梟,(*keːw),梟蟂鄡
棘,(*krɯɡ),棘襋蕀
棥,(*ban),攀襻棥礬樊蠜
業,(*ŋab),礏業鄴驜嶪鸈澲
樂,(*ŋraːwɢs),樂轢濼躒擽爍鑠藥櫟纅礫瓅皪觻嚛
欠,(*kʰoms),坎扻砍芡欠杴鍁
次,(*sn̥ʰis),咨資姿粢諮恣澬趑蠀次佽絘薋瓷茨餈垐楶
欮,(*kod),鱖蹶厥欮蕨劂瘚蟨蟩橜撅闕橛鷢蹷憠
款,(*kʰloːnʔ),款欵歀窾
止,(*kjɯʔ),祉址止趾芷沚阯齒紕
正,(*tjeŋ),綻淀靛症竀征怔正鉦鴊眐佂整政証定顁錠掟
此,(*sʰeʔ),些跐柴祡茈眦砦寨啙泚玼皉鮆眥貲髭頾訾鴜鈭姕觜紫訿呰嘴雌此佌庛疵骴胔飺齜
步,(*baːs),荹步踄
武,(*maʔ),賦陚武鵡珷碔娬
歰,(*srɯb),澀歰澁
歲,(*sqʰʷads),噦翽鐬濊歲劌顪穢薉獩饖奯
殳,(*djo),吺祋投骰酘坄殳杸
段,(*doːns),鍛腶碫瑖緞段椴毈
殷,(*qrɯːn),殷慇溵磤
殸,(*kʰreːŋ),殸聲謦磬罄馨
殻,,彀鷇瞉豰瑴愨殼觳嗀穀糓轂榖瀔縠
殿,(*tɯːns),殿澱壂臀
毀,(*hmralʔ),毀燬檓毇譭
毄,,繫檕轚蘻罊蟿礊擊墼
毌,(*koːn),毌貫樌鏆遦慣摜瑻謴
母,(*mɯʔ),脢挴海毐呣拇母胟姆畮踇苺莓敏鰵慜毋梅酶鋂每毎痗晦誨悔霉
毒,(*l'uːɡ),瑇纛碡毒蝳
比,(*piʔ),梐狴悂螕鎞蓖篦批砒鈚磇媲笓膍陛仳吡紕比妣秕沘枇粊庇屁琵毗貔豼蚍芘肶魮阰坒玭
毚,(*zrɯːm),纔讒饞毚欃攙儳酁瀺嚵巉劖艬鑱
毛,(*maːw),毛髦旄芼氂枆酕牦耄覒眊耗秏毣
毳,(*skʰods),膬毳竁橇
氏,(*skeŋ),氏衹紙帋扺坁汦忯眂舐芪祇疧軝蚔
氐,(*tiːl),低氐袛羝眡岻奃趆柢邸底詆坻抵牴觝弤軧骶砥胝疷秪泜蚳彽阺貾祗厎茋鴟汦
民,(*min),眠民泯怋岷珉罠笢鈱抿刡敃愍暋蟁
气,(*kʰɯds),愾忾刏汽氣气忥餼鎎熂霼犔
水,(*qʰʷljilʔ),沝水
永,(*ɢʷraŋʔ),永栐泳詠咏
氾,(*pʰoms),氾犯範范笵
求,(*ɡu),救求球逑賕蛷莍殏梂俅脙絿銶毬捄觩
沒,(*mɯːd),沒歿莈
沓,(*duːb),踏濌錔鞜沓涾誻
沙,(*sraːl),硰娑挱挲桫渻沙紗砂鯊裟桬髿魦莎莏
沿,(*lon),船舩沿鉛鈆
泉,(*sɡʷen),線泉葲灥
法,(*pqab),法灋
津,(*ʔslin),葏津
派,(*m̥ʰreːɡs),庍派脈脉衇眽覛霢
流,(*ru),流硫琉旒瑬裗
淫,(*lɯm),淫霪婬
淵,(*qʷiːn),婣鼘囦淵裫奫
濕,(*ŋ̊ʰl'ɯːb),儑濕漯礘隰溼
火,(*qʰʷaːlʔ),火邩伙
灰,(*hmɯː),脄盔詼恢灰
災,(*ʔslɯː),灾災
炎,(*ɦlam),倓緂毯菼裧賧睒舕談郯惔錟淡痰餤啖腅剡覢掞炎琰棪扊
炭,(*tŋ̊ʰaːns),炭湠
烏,(*qaː),烏嗚鰞歍鎢瑦鄔螐隖塢溩
焉,(*qran),嘕嫣焉鄢蔫漹傿
無,(*ma),墲橅膴幠鄦撫無瞴蕪璑鷡譕憮舞廡嫵甒潕儛
焦,(*ʔsew),癄焦蕉鷦僬噍膲鐎蟭燋醮潐趭樵譙憔劁顦嶕撨穛
煩,(*ban),煩薠
熏,(*qʰun),櫄薰曛勲熏燻獯纁醺臐爋
熒,(*ɡʷeːŋ),鶯罃嫈褮覮謍䁝嶸嵤榮瑩蠑禜醟檾煢焭縈營鎣塋濴熒螢滎濙瀅
燕,(*qeːn),燕驠嬿鷰醼讌嚥酀
燮,(*seːb),燮躞
爪,(*ʔsruːʔ),抓爪笊找
爭,(*ʔsreːŋ),琤崢鬇爭箏猙埩諍凈錚棦竫睜淨
爯,(*tʰjɯŋ),稱爯偁
爰,(*ɢʷan),暖煖喛緩鰀嵈鍰湲媛瑗援褑諼愋楥爰鶢蝯猨
爲,(*ɢʷal),譌嬀潙蟡僞噅撝爲鄬蔿儰寪蘤
爵,(*ʔsewɢ),釂皭爝爵嚼穱灂
父,(*paʔ),抪布佈怖斧父蚥滏釜
爻,(*ɢraːw),崤郩敎較肴淆倄爻餚殽笅駁
爽,(*sraŋʔ),摤磢漺傸鷞騻爽塽樉
爾,(*njelʔ),嬭禰镾薾檷鑈瀰獼瓕彌鸍擟濔壐璽爾邇獮籋
爿,(*braːn),臧牂戕贓藏奘臟將漿鱂蔣螿槳獎醬鏘蹡嶈斨爿牆妝莊裝壯疒床牀狀
牆,(*zaŋ),薔廧蘠嬙檣
片,(*pʰeːns),爿片沜
牙,(*ŋraː),邪衺牙芽齖呀枒雅厊庌訝迓砑犽疨岈谺颬鴉釾
牟,(*mu),牟眸侔蛑麰劺恈鴾
牢,(*ruː),牢窂哰
牽,(*kʰiːn),牽縴
犀,(*sliːl),摨犀遲墀
犬,(*kʰʷeːnʔ),猚畎汱甽犬
犮,(*boːd),軷韍祓蛂拔菝袚茇盋帗跋魃䣮馛炦颰妭犮胈鈸苃坺髮冹瞂紱黻翇
狄,(*deːɡ),逖悐狄荻梑
狊,(*kʷeːɡ),瞁湨郹狊鶪鼳犑闃
猋,(*pew),飆猋贆
猒,(*qem),猒懕饜嬮厭黶檿魘厴擪壓靨
獄,(*ŋoɡ),嶽鸑哭獄
玄,(*ɡʷeːn),弦絃舷痃胘蚿伭婱玄眩玹玆詃泫鉉炫袨衒惤
率,(*sruds),率繂膟蟀
玉,(*ŋoɡ),珏砡匤玉鳿頊
王,(*ɢʷaŋ),皇惶遑堭煌餭騜艎隍湟徨篁蝗凰偟媓韹葟皝汪尪迋逛誑匡筐框眶誆邼恇劻洭軭狂軖鵟俇王蚟彺旺諻喤瑝鍠揘
班,(*praːn),班斑
瑣,(*soːlʔ),鎖瑣溑
瓜,(*kʷraː),瓜坬窊畖搲攨孤苽胍泒呱觚柧罛軱菰箛狐弧
瓦,(*ŋʷraːlʔ),瓦邷
甘,(*kaːm),紺姏嵌甘柑苷泔坩蚶酣甝魽邯鉗箝黚拑
甚,(*ɡljumʔ),湛媅黮糂堪戡嵁歁勘磡墈偡碪椹揕踸鍖斟諶愖瘎煁甚葚
甜,(*l'iːm),銛栝餂恬湉甜狧
生,(*sʰleːŋ),猜輤綪倩棈蒨篟生牲笙甥鉎珄鼪猩狌眚貹崝精菁鶄蜻鼱婧睛箐聙旌清圊請凊䝼靚情晴夝靜靖睲惺性姓靗鯖青靘掅胜曐星鮏腥鯹醒篂
甤,(*njolʔ),甤蕤
用,(*loŋs),通俑蓪桶捅痛筩誦傭慵鱅滽墉鏞鄘槦銿甬勇涌踊蛹恿慂悀埇踴庸用佣
甫,(*paʔ),豧縛逋餔晡庯陠鵏峬誧秿鯆補圃鋪痡浦烳溥悑酺匍蜅脯葡蒱蒲簿捕哺簠甫黼莆俌郙傅搏麱尃榑輔鬴賻博髆鎛猼餺簙鑮欂蒪膊薄礡
田,(*l'iːŋ),田佃畋畇鈿沺甸
由,(*lɯw),袖岫牰抽妯紬怞鮋菗宙胄冑伷駎油由蚰秞邮釉柚鼬苖笛迪頔軸舳
甲,(*kraːb),笚閘鉀甲胛岬押玾呷匣狎柙翈炠鴨庘
申,(*hlin),電胂申伸呻紳眒柛訷抻神朄
甹,(*pʰleːŋ),俜甹聘娉騁梬
甾,(*ʔsrɯ),輜淄錙緇甾菑鶅椔鯔
畀,(*pids),箅濞畀痹淠嚊鼻襣
畁,(*ɡlɯ),畁萆
畏,(*quls),煨偎隈椳鰃渨葨揋猥嵔鍡碨腲餵畏
畐,(*pʰrɯɡ),富輻副褔蔔匐逼偪幅楅湢堛愊踾揊稫畐疈腷鶝福蝠葍
畜,(*l̥ʰuɡs),畜蓄稸滀傗鄐慉
畝,(*mɯʔ),畝畞
畟,(*sklɯɡ),稷畟溭謖
畢,(*pid),畢蓽篳蹕韠滭鷝熚彃縪饆鏎罼
番,(*paːl),皤嶓番播譒鄱潘蟠磻蕃轓鱕鐇藩籓橎翻幡飜旛繙燔蹯膰羳鷭璠襎墦
畫,(*ɡʷreːɡs),畫澅繣劃嫿
異,(*lɯɡs),禩異潩廙趩瀷翼熼
畺,(*kaŋ),畺畕礓繮韁橿薑疆壃僵彊麠
畾,(*ruːl),摞騾螺蔂虆瘰礌雷擂攂礧儡瓃櫑鑘鐳畾轠罍蕾癗磥累儽樏鸓嫘纍欙纝壘櫐蘽藟讄
疊,(*l'ɯːb),曡疊
疋,(*ŋraːʔ),疋蝑壻婿胥稰楈諝湑揟醑糈楚礎憷齼濋儊綀疎疏蔬梳
疌,(*zeb),疀萐箑啑睫婕緁捷疌寁倢崨踕誱徢蜨
疐,(*tiːɡs),啑疐嚏懥
疑,(*ŋɯ),礙儗懝譺癡疑嶷觺擬薿凝
疹,(*kljɯnʔ),沴趁紾跈殄抮駗珍診畛疹軫胗袗眕飻餮
疾,(*zid),嫉疾蒺愱槉
癸,(*kʷilʔ),睽湀聧藈癸葵鄈楑戣鍨騤揆猤闋
癹,(*pʰaːd),發癹
登,(*tɯːŋ),登璒燈簦蹬磴鐙嶝隥橙凳墱鼟膯澄鄧僜覴瞪憕撜證
發,(*pad),廢癈橃撥鱍襏驋鏺潑醱
白,(*braːɡ),怕帕粕胉泊箔魄皕伯百迫敀柏湐拍珀皛洦白帛舶鮊陌帞袹蛨貊佰銆碧咟
皃,(*mreːwɢs),貌皃藐邈
皆,(*kriːl),皆偕階喈稭堦楷鶛湝蝔鍇揩諧瑎龤
皋,(*kuː),睾皋
皐,,臯橰鷱翱翺噑獋暭
皮,(*bral),陂詖彼柀佊貱跛披鈹帔鮍耚狓翍旇秛紴皮疲被髲鞁骳波碆菠簸駊頗坡玻破婆蔢
皿,(*maŋʔ),猛艋蜢皿孟
盈,(*leŋ),盈楹
益,(*qleɡ),隘賹搤縊螠謚諡蠲溢鎰齸貖益嗌膉鷁艗
盍,(*ɡaːb),蓋盖溘搕嗑榼磕瞌盍闔篕熆鰪廅圔饁
盡,(*ʔslinʔ),濜盡賮燼藎壗璶
監,(*kraːm),藍襤籃懢儖蘫攬欖覽爁擥灠濫嚂纜監礛鑑艦檻壏轞鹽
目,(*muɡ),瞐苜目
直,(*dɯɡ),置值植埴惪德稙淔直犆殖
相,(*slaŋ),相廂湘緗箱葙想霜孀鸘驦
盾,(*l'uːnʔ),盾遁循揗楯輴腯鍎
省,(*sreŋʔ),省渻箵
眉,(*mril),眉楣嵋湄鶥瑂郿葿媚篃蝞煝
眔,(*l'uːb),褱鰥鳏嚃眔遝
真,(*ʔljin),寘䡩黰顛滇齻槙瘨傎蹎厧巔癲瑱填窴闐磌鷏嗔搷鎮縝真禛稹蒖鬒瞋謓慎
眾,(*tjuŋ),潨眾
睘,(*ɡʷeŋ),癏擐還環鬟寰闤糫圜鐶轘澴繯檈儇翾蠉嬛譞懁獧噮彋睘
睪,(*neb),斁籜蘀鐸凙襗擇澤鸅蠌檡釋繹睪譯嶧懌驛醳圛墿燡
睿,(*ɢʷeds),睿叡璿壡濬
瞿,(*kʷas),瞿衢氍癯蠷臞欋鸜灈躣忂戵鑺懼
矍,(*kʷaɡ),钁攫矍躩玃貜彏戄籰
矛,(*mu),堥蓩猱茅罞蝥鶜瞀愗袤雺懋楙矛蟊髳鍪鞪糅腬柔揉蹂鍒騥蝚葇鞣鰇瑈鶔楺煣輮韖敄務鶩騖婺霚嵍霧霿楘
矞,(*ɢʷid),瞲璚劀鱊譎潏鐍憰噊驈橘繘獝燏遹鷸矞霱
矢,(*hliʔ),彘璏薙知蜘智鼅潪踟雉矢痴
矣,(*ɢlɯʔ),唉埃欸娭挨騃俟竢涘誒矣
石,(*djaɡ),柘妬蠹沰拓橐袥驝斫磭磔跖石碩祏鉐鼫
砉,(*qʰʷraːɡ),剨湱砉
磊,(*ruːlʔ),藞磊
示,(*ɡle),示祁狋視眎沶
祘,(*sloːns),蒜祘
祝,(*tjuɡs),祝呪咒柷
票,(*pʰew),標鏢瘭幖熛蔈膘褾票飄漂螵瞟嫖旚僄慓彯摽翲嘌縹醥顠篻剽勡薸瓢鰾驃
祭,(*ʔsreːds),蔡瘵祭際穄鰶傺摖擦攃礤察詧
禀,,燷壈燣顲稟廩懍凜癛檁
禹,(*ɢʷaʔ),踽萭聥楀齲禹瑀鄅
禺,(*ŋo),齵偶耦藕髃蕅愚隅禺湡堣嵎鰅鍝遇寓庽媀喁顒
离,(*rel),謧璃離縭离醨樆褵漓黐籬灕蘺攡魑螭摛
禾,(*ɡoːl),科萪蝌犐禾和咊盉龢鉌俰
禿,(*tʰoːɡ),禿鵚
秀,(*slus),透莠誘蜏琇秀銹
秉,(*praŋʔ),秉棅
秋,(*sʰɯw),鍫篍愀湫揪揫啾鬏秋鰍楸秌鞦鶖萩甃醔愁僽
秝,(*reːɡ),秝歷曆磿靂癧櫪藶瀝攊厤
秦,(*zin),轃秦螓臻蓁搸溱榛
秭,(*ʔsiʔ),姊秭趀笫胏柹柿
穴,(*ɡʷliːɡ),泬坹穴袕鴪
突,(*tʰuːd),突宊揬鼵葖鶟堗
竄,(*sʰoːn),躥竄攛鑹
立,(*rɯb),涖莅蒞位拉菈颯立粒笠砬岦苙鴗雴泣
竟,(*kraŋs),滰境竟鏡獍樈璄摬
章,(*kjaŋ),章樟彰漳鄣璋嫜獐慞墇障麞蔁暲嶂瘴
竹,(*tuɡ),竺篤竹筑築茿
筮,(*djads),噬筮簭澨遾
算,(*sloːnʔ),纂繤算匴篹篡攥
簋,(*kʷrɯwʔ),簋孂
米,(*miːʔ),謎迷米眯洣蔝麊冞糜敉侎麋蘪攗
粟,(*soɡ),粟憟
粥,(*ʔljuɡ),粥鬻
粦,(*rins),潾膦憐燐鄰轔嶙粼磷疄麟鱗璘翷瞵獜驎鏻繗僯橉撛遴粦甐
粲,(*sʰaːns),餐湌粲燦璨薒殩
糞,(*pɯns),糞瀵
系,(*ɡeːɡs),係系
素,(*saːs),素傃嗉膆塐
索,(*slaːɡ),索溹
絕,(*zod),蕝脃脆絕
絲,(*slɯ),絲蕬鷥
綿,(*men),綿棉緜矊
緐,(*ban),繁緐蘩瀿瀪
縣,(*ɡʷeːn),縣懸
繇,(*lɯːw),繇蘨櫾
繭,(*keːnʔ),襺繭蠒
繼,(*keːɡs),繼檵
缶,(*puʔ),寶珤缶缹
罙,(*hljum),探棎賝琛穼深
罪,(*zuːlʔ),罪辠𢶀
罰,(*bad),罰藅
罷,(*breːlʔ),擺犤罷矲羆襬藣
罽,(*krads),罽瀱蘮
羅,(*raːl),羅蘿籮儸饠欏囉鑼邏
羊,(*laŋ),样佯詳洋翔庠祥痒姜羌蜣猐唴羊徉烊蛘眻鴹恙羕樣漾
羋,(*meʔ),羋蝆
羍,(*tʰaːd),羍達闥撻躂澾薘
美,(*mriʔ),美渼媄
羔,(*kluː),羔糕餻窯溔
羴,(*qʰreːn),羴羼
羽,(*ɢʷaʔ),詡栩珝祤羽頨
翏,(*ɡ·rɯːw),醪嫪嘐賿顟膠轇摎髎熮廖憀豂漻翏寥蓼鄝鷚繆勠疁飂鏐僇瘳璆謬蟉樛磟戮剹穋
習,(*ljub),摺磖褶慴霫習鰼騽飁槢熠
翟,(*r'aːwɢ),櫂濯耀曜燿糶粜嬥藋躍戳擢蠗鸐翟趯籊糴䊮
翪,(*ʔsoːŋ),艐堫葼鬷嵕猣鯼椶騣蝬翪緵稯鬉糉
老,(*ruːʔ),老姥栳恅
者,(*tjaːʔ),觰諸者堵赭撦扯闍奢鍺都醏覩睹暏賭帾楮屠瘏廜鷵緒豬猪瀦藸櫫褚著箸儲躇櫧藷蠩煮渚煑陼翥署薯曙書暑鐯擆櫡
而,(*njɯ),耐耏而鮞鴯栭陑峏輀胹洏髵恧
耎,(*njonʔ),陾腝堧稬愞煗餪渜偄瑌軟輭蝡碝耎緛媆
耑,(*toːn),揣褍惴圌篅瑞端剬偳鍴耑踹湍煓貒諯顓喘遄輲椯歂腨
耒,(*ruːls),頛郲耒銇洡誄
耳,(*njɯʔ),佴麛弭渳葞髶聻恥咡誀耳洱駬餌珥衈毦刵眲
耴,(*ŋrid),踂輒耴鮿
耶,(*laː),耶椰爺瑘鎁
耿,(*kreːŋʔ),耿褧
聖,(*hljeŋs),檉蟶聖聽廳
聶,(*neb),攝聶鑷躡襵懾囁欇灄顳讘
聿,(*b·lud),筆潷硉律葎聿銉
肁,(*dawʔ),肁肇
肅,(*sɯwɢ),簫蕭瀟潚彇蟰橚嘯歗熽繡鏽肅鷫驌鱐璛
肉,(*njuɡ),朒肉
肖,(*slew),梢捎筲鞘艄蛸髾輎旓弰鮹綃颵莦娋稍哨揱潲睄悄俏峭陗帩誚消宵霄硝銷逍魈痟焇肖韒趙箾踃削矟
肘,(*tkuʔ),肘疛紂葤酎
肙,(*qʷeːns),絹狷蜎弲娟悁捐涓鵑睊焆鞙埍罥羂瓹梋鋗駽琄剈肙
股,(*klaːʔ),股羖
肥,(*bɯl),蜰肥淝萉
肩,(*keːn),顅掮肩猏菺鵳
肯,(*kʰɯːŋʔ),肯肎
肰,(*njen),嘫然肰繎燃蹨橪撚
育,(*luɡ),育毓棛錥焴淯蜟堉逳蘛
胃,(*ɢuds),喟胃謂媦蝟渭煟緭
胤,(*lins),胤酳
能,(*nɯː),態能螚褦
脊,(*ʔseɡ),脊蹐鶺塉瘠膌
臣,(*ɡiŋ),臤掔慳藖堅鋻鰹蜸菣賢礥臔挋臣茞腎頣緊嚚鏗摼硻
臦,(*kʷaŋs),臩臦
自,(*ɦljids),郋自洎臮垍詯
臬,(*ŋeːd),甈臬嵲臲闑
臭,(*kʰljus),臭殠糗嗅齅
臱,(*men),臱矏櫋籩邊
至,(*tjiɡs),致輊駤跮荎緻至鵄胵痓咥窒蛭垤耋姪絰恎挃庢銍秷螲侄桎郅晊室
臺,(*dɯː),懛儓臺擡薹嬯檯籉
臼,(*ɡuʔ),臼齨桕舅舊匶閰
臽,(*kʰloːmʔ),萏窞惂輡錎埳臽淊欿蜭啗鵮餡陷爓諂讇閻焰壛櫩燄掐
臾,(*ɡruds),萸臾腴諛楰庾斞
臿,(*sʰreːb),偛插鍤臿喢牐歃敮
舀,(*lowʔ),滔韜縚謟慆幍槄搯瑫稻蹈舀
舁,(*la),攑藇嶼鱮舉櫸舁與輿旟璵歟譽嬩擧鸒礜穥
舂,(*hljoŋ),樁憃舂摏蹖
舄,(*sʰjaːɡ),寫瀉舄獡潟磶蕮
興,(*qʰɯŋ),興臖嬹
舌,(*ɡroːd),絬舌
舛,(*tʰjonʔ),舛荈僢舜瞬蕣
舟,(*tjɯw),鵃輈侜矪舟
般,(*praːn),螌般媻搫搬盤磐瘢幋槃縏鎜鞶
艮,(*kɯːns),艱齦眼蛝限硍豤詪根跟珢艮茛墾懇垠泿痕拫鞎很恨銀檭
良,(*raŋ),剆郎稂桹鋃硠浪蜋琅狼欴踉莨艆駺躴筤閬哴蓈廊榔螂瑯朗朖誏俍崀埌蒗娘良粮悢
色,(*srɯɡ),色赩
芇,(*men),芇蹣瞞顢樠慲鬗滿鏋懣璊
芻,(*sʰro),煼謅縐鄒騶搊皺篘㑳趍趨芻犓雛鶵媰齺
苗,(*mrew),貓描媌緢苗猫庿
若,(*nja),若婼惹諾蠚逽蹃箬楉鄀
茍,(*kɯɡ),亟茍殛極
茸,(*njoŋ),茸髶搑榵穁
茻,(*maːŋʔ),莽茻
莫,(*maːɡ),蟆鬕饃模摸嫫謨膜摹暮慕募墓慔莫寞漠幕鏌瘼鄚瞙嗼塻貘驀
莽,(*maːŋʔ),蟒漭
菐,(*boːɡ),樸璞墣撲轐獛蹼襆濮纀醭僕菐穙鏷幞
華,(*qʰʷraː),鞾華譁樺嘩驊鏵崋
萈,(*ɡoːn),寬髖萈臗
萬,(*mlans),糲犡噧邁勱蠆厲勵礪蠣蠇癘濿櫔巁贎萬
葬,(*ʔsaːŋs),髒葬
蒦,,檴鱯護頀濩韄鳠擭瓁劐穫鑊矆鸌雘蠖臒嬳彠嚄獲
蔑,(*meːd),礣蔑篾蠛懱幭鱴衊瀎襪韤韈
薛,(*sŋed),躠嶭櫱薛辥孼蘖蠥孽糵
薦,(*ʔseːns),瀳韉薦
虍,(*qʰaː),唬戲巇隵嚱盧鑪壚籚蘆顱髗鱸攎櫨轤黸獹鸕艫纑瀘瓐爐嚧矑罏蠦虜擄艣鐪虖虍雐虎琥萀臚廬驢藘爈櫖儢慮勴鑢濾攄處豦據鐻澽虛墟懅蘧籧醵璩虡遽勮嘘驉歔魖膚虧噱臄劇諕
虐,(*ŋawɢ),虐瘧謔
虒,(*sle),擨搋鷈謕嗁蹏鼶遞虒榹磃傂螔禠褫篪歋
虔,(*ɡren),虔鰬榩
蚤,(*ʔsuːʔ),蚤慅騷搔鰠溞颾瘙瑵糔鼜
蜀,(*djoɡ),襡噣斣歜斀孎濁鐲鸀擉獨髑韣斸钃欘躅蠋燭囑矚屬属蠾觸臅觕蜀
蟲,(*l'uŋ),痋鉵赨爞蟲融瀜
蠃,(*roːl),驘鸁蠃臝羸
蠡,(*reːlʔ),盠欚劙
血,(*qʰʷiːɡ),侐血恤卹賉欰洫殈
行,(*ɡaːŋ),筕桁行胻衡蘅珩洐荇絎
衍,(*lanʔ),愆衍
衛,(*ɢʷads),衞讏躛
衣,(*qɯl),哀依衣扆庡偯
表,(*prawʔ),表裱俵
衰,(*sʰrol),蓑缞衰榱
袁,(*ɢʷan),薳袁園轅猿榬溒遠
褱,(*ɡruːl),瓌櫰褱懷瀤壞蘾
襄,(*snaŋ),囊蠰曩灢儾孃瓤鑲釀瓖驤襄纕忀欀饟攘禳穰躟瀼獽儴蘘鬤勷壤嚷讓懹攮
襾,(*qraːs),賈檟價覀襾
西,(*sɯːl),粞洒西卤卥栖茜哂
要,(*qew),腰要葽喓闄偠騕婹
覃,(*l'ɯːm),鷣撢憛潭譚覃鐔藫橝蟫燂醰禫嘾贉瞫蕈鱏簟驔磹
見,(*keːns),涀莧粯晛筧絸垷挸見俔蜆硯峴哯睍現
規,(*kʷel),嫢規槻鬹摫瞡窺闚
覓,(*meːɡ),覓漞
角,(*kroːɡ),捔桷角埆确斛槲蔛
解,(*kreːʔ),薢解檞懈繲廨蟹獬澥嶰邂
言,(*ŋan),唁這言琂圁誾訔狺
設,(*hljed),設蔎
詹,(*tjam),甔擔儋聸膽黵澹憺瞻詹蟾噡譫幨襜韂贍檐簷舚
誩,(*ɡaŋʔ),誩競
謠,(*lew),搖遙瑤徭鰩媱傜颻窰愮鷂榣嗂猺謠鎐
譶,(*l'uːb),誩譶霅
谷,(*ɦkroːɡ),螸裕容溶鎔蓉傛褣搈瑢嵱熔榕塎谷唂焀俗欲浴鵒峪鋊輍慾
豆,(*doːs),侸剅郖鬪鋀頭豆逗痘梪脰荳浢餖毭豎裋短
豈,(*ŋ̊ʰɯːlʔ),獃剴凱愷塏鎧颽暟闓豈隑皚嵦敳磑螘覬溰顗
豊,(*riːʔ),體軆禮澧醴豊鱧
豐,(*pʰuŋ),豐蘴灃寷麷酆
豔,(*lams),豔灩
豖,(*tʰoɡ),冢塚涿琢啄諑剢瘃豖
豙,(*ŋɯs),豙藙顡毅
豚,(*duːn),豚遯
象,(*ljaŋʔ),潒像象橡蟓襐勨鱌嶑
豩,,燹豳
貝,(*paːds),貝狽鋇浿垻敗唄
貞,(*teŋ),偵幀湞貞楨禎赬遉
負,(*bɯʔ),負萯蝜偩
貴,(*kluds),藬僓頹穨蘈隤墤尵蹪瀢鞼膭憒靧潰繢嬇殨闠簣嘳蕢聵樻䙡匱臾饋櫃遺壝瞶貴
買,(*mreːʔ),買蕒嘪鷶賣
賏,(*qreŋs),瀴甖鸚櫻嚶罌鸎譻賏嬰瓔纓攖蘡癭廮巊
賓,(*mpin),蠙賓檳鑌濱顮儐矉擯殯鬢繽嬪薲獱臏髕
質,(*tids),質躓懫礩櫍劕鑕
賴,(*raːds),賴籟癩瀨藾攋懶嬾獺
贊,(*ʔsaːns),贊趲讚酇饡濽襸攢瓚禶穳囋鑽劗纘儧鄼欑籫巑攅
贏,(*leŋ),嬴瀛籝贏攍
赤,(*kʰljaɡ),浾嚇赦郝赫爀赤烾螫赥捇焃
足,(*ʔsoɡs),足莡捉齪娖浞鋜趗珿哫促
蹋,(*daːb),傝搨蹹榻遢鰨毾塌溻蹋躢闒
身,(*qʰjin),身銵
躬,(*kuŋ),躬匑躳窮藭
車,(*kʰlja),車硨厙庫
軍,(*kun),揮輝翬暉煇楎瀈韗褌鶤緷睴璭瘒顐諢餫渾琿鼲堚鯶軍皸齳喗葷惲賱運暈鄆
輦,(*renʔ),輦鄻攆
辛,(*siŋ),親寴儭瀙辛新薪襯櫬嚫莘騂垶觪
辟,(*peɡ),嬖薜鐾臂譬避檗擘糪掰繴辟璧鐴躄襞僻癖廦擗躃闢壁鼊霹劈澼憵甓鷿幦
辡,(*prenʔ),辬瓣辦辨辡辯辮
辭,(*ljɯ),辤辭
辰,(*djɯn),辴屒振侲桭唇帪賑裖敐震娠蜃辰晨宸鷐麎祳脤鋠磭陙脣漘
辱,(*njoɡ),耨槈鎒搙褥傉辱縟蓐鄏溽媷嗕
農,(*nuːŋ),嶩噥鬞擃齈癑農辳憹膿儂濃醲襛穠檂
追,(*tul),蘬磓塠頧鴭鎚搥縋膇槌追桘巋歸
退,(*n̥ʰuːbs),腿退褪
逐,(*l'ɯwɢ),篴蓫逐鱁
連,(*ren),連漣鰱翴鏈璉僆摙蓮嗹縺
進,(*ʔslins),璡進
遂,(*ljuds),隊邃譢遂隧燧襚旞璲檖澻鐆鐩穟墜
遣,(*kʰenʔ),遣繾譴
遷,(*sʰen),遷櫏韆僊躚蹮
邑,(*qrɯb),唈浥裛俋挹邑悒
邕,(*qoŋ),郺齆甕罋雍邕嗈灉癰廱雝壅饔噰澭擁臃
郤,(*kʰraɡ),腳脚卻却谻郤綌
部,(*boːʔ),部蔀篰
郭,(*kʷaːɡ),郭埻崞椁槨噋廓鞹漷霩
郵,(*ɢʷɯ),郵腄
鄉,(*qʰaŋ),曏鄉薌膷響饗蠁嚮卿
酉,(*luʔ),楢逎遒蝤揂酒媨鞧緧趥酋崷鰌煪醜猶猷輶偤莤蕕庮槱梄丣酉
配,(*pʰɯːds),配嶏
醯,(*qʰeː),橀醯
釁,(*hmrɯns),釁舋亹斖虋璺
采,(*sʰɯːʔ),采睬彩採綵寀菜埰棌
里,(*rɯʔ),埋霾薶榸厘狸貍梩艃里理鯉俚悝娌裏荲
重,(*doŋ),撞幢橦噇𩪘艟憧畽董蕫箽懂湩曈童僮瞳罿犝潼穜動慟堹諥蹱重緟蝩褈鐘鍾籦種腫踵歱喠偅衝揰尰
量,(*raŋ),糧量
釐,(*rɯ),犛釐嫠剺孷漦氂
金,(*krɯm),淦顉金錦欽菳嶔撳捦鵭唫鈙崟趛
長,(*taŋʔ),張餦粻漲長脹痮帳賬倀鼚鋹悵韔萇瓺棖掁
門,(*mɯːn),蔄闅閩蕄門捫悶聞閿問
閉,(*piːds),閉閇
閏,(*njuns),撋瞤潤閏
閑,(*ɡreːn),閑嫻鷴
閒,(*ɡreːn),間簡澗鐧蕑覵襉僩鬜癇瞯憪橌撊
閔,(*mrɯnʔ),憫閔潣簢燘
閵,(*rins),藺閵躪轥
阜,(*buʔ),阜埠
陟,(*tɯɡ),陟騭
陳,(*l'iŋ),陳敶陣
隓,(*hlol),鬌隋墮媠橢嫷毻堶憜惰嶞髓瀡隨隓隳撱
隙,(*kʰraɡ),虩隙
隱,(*qɯnʔ),隱櫽嶾癮懚檼穩
隶,(*lɯds),曃埭逮靆齂棣隸肆蕼肂殔隶
隹,(*tjul),蜼堆嵟碓推蓷陮魋嶊崔猚椎顀隹錐萑騅鵻誰脽
隼,(*sqʰʷinʔ),隼榫准準
雁,(*ŋraːns),雁鳫鴈贗
集,(*zub),雜磼囃鏶穕潗集
雋,(*zonʔ),隽檇臇嶲鐫雋儁寯
雔,(*dju),犨犫雔售讎
雙,(*sroːŋ),雙艭愯㩳
雚,(*koːns),觀灌鸛瓘矔懽爟雚罐鑵歡驩貛酄獾讙嚾權顴孉蠸虇勸
需,(*sno),羺獳擩譳懦糯需繻鑐儒濡襦嚅顬鱬嬬臑醹蠕孺
霍,(*qʰʷaːɡ),靃臛籗霍藿攉矐瀖癨
霝,(*reːŋ),靈霛麢霝醽櫺蘦孁龗酃爧欞
霸,(*praːɡs),壩霸灞欛
非,(*pɯl),啡排俳輫悲棑輩裴徘琲痱非扉緋猆斐馡騑誹餥匪棐蜚篚榧鯡霏菲婔裶悱奜腓陫屝厞翡
面,(*mens),蝒緬湎愐偭勔面麵
革,(*krɯːɡ),革諽緙鞂
韋,(*ɢʷɯl),禕郼褘諱媁幃違圍韋闈湋鍏潿韙煒暐偉瑋葦椲韡愇緯
韰,(*ɡrɯːds),瀣韰薤
韱,(*sem),讖攕櫼懺殲瀸鑯虃籤韯纖孅韱襳
音,(*qrɯm),諳腤嬜喑揞隌罯暗闇黯歆愔韾音瘖窨湆
頃,(*kʰʷeŋ),顈傾頃穎潁熲
須,(*so),盨須鬚嬃蕦
頤,(*lɯ),茝洍姬宧頤弬
頪,(*roːds),蘱纇類頪禷
頻,(*bin),瀕頻顰蘋嚬
顯,(*hŋeːnʔ),顯韅
飛,(*pɯl),飛騛
食,(*lɯɡs),飤食蝕飾飭
飧,(*suːn),飧蕵
養,(*laŋʔ),鯗養癢瀁
首,(*hljuʔ),道導首
香,(*qʰaŋ),香萫
馬,(*mraːʔ),馬碼罵鷌鰢瑪榪傌禡媽
骨,(*kuːd),顝滑猾磆螖鶻嗗骨縎愲蓇尳榾搰核
高,(*kaːw),高膏篙稿稾槁縞暠槀藁燺薧犒蒿藃豪毫壕濠鎬滈鄗鰝薃搞敲髇嗃巐歊謞熇碻塙毃翯瀥
鬥,(*toːɡs),鬥鬭
鬱,(*qud),鬱欝灪爩
鬲,(*kreːɡ),隔膈搹鬲槅嗝虉翮滆蒚鎘
鬳,(*ŋans),獻甗巘讞鬳瓛囐齾钀
鬼,(*kulʔ),謉瑰傀藱魁磈塊嵬隗槐瘣廆溾螝褢騩愧媿聭餽鬼魏巍犩
魚,(*ŋa),蘇穌魚漁䱷
魯,(*raːʔ),魯櫓穭
鮮,(*sen),鮮廯癬蘚
鳥,(*tɯːwʔ),島搗鵃瞗鳥蔦窵
鴇,(*puːʔ),鴇駂
鷹,(*qɯŋ),應鷹膺譍噟
鹵,(*raːʔ),滷鹵樐蓾鏀
鹿,(*b·roːɡ),鄜鹿漉轆簏螰麓騼摝廘蔍鏕
麀,(*qɯw),鏖𤏶麀
麃,(*braːw),藨麃臕鑣儦瀌犥皫
麻,(*mraːl),麻痲犘縻醿爢蘼靡摩魔磨劘麽麼塺麾
黃,(*ɡʷaːŋ),僙廣鄺懬爌曠矌壙纊黃璜潢簧癀鱑獚蟥趪櫎擴瀇獷觵礦鑛穬橫黌鐄嚝彉彍
黑,(*hmlɯːɡ),嚜嫼墨默纆黑潶
黽,(*mlenʔ),澠黽僶繩譝憴鱦蠅鄳鼆
鼎,(*kleːŋʔ),鼎薡濎
鼓,(*kʷaːʔ),皷鼓瞽
鼠,(*hljaʔ),鼠癙
齊,(*zliːl),儕麡齋穧擠躋齏齎櫅齌隮賷虀濟癠霽齊臍蠐懠薺鱭嚌劑齍
龍,(*b·roŋ),驡龐瀧籠豅朧龓聾礱嚨蘢櫳襱瓏曨鸗蠪巃竉攏儱龍躘隴壠壟寵龏
龖,(*l'ɯːb),龖襲
龜,(*kʷɯ),鬮龜
龠,(*lowɢ),讑籲爚禴蘥鑰瀹龠籥鸙
龹,,潫豢勬韏眷桊絭觠飬弮拳卷齤券
